facility_type,region,procedure_code,service_charge,insurance_paid,patient_paid,years_experience,beds,facility_mean_years_experience,facility_std_years_experience,Normalized_years_experience,facility_total_encounter_charges
Hospital,South,87423.47151277013,658.0104125736739,524.9193516699411,133.09106090373282,19.3811394891945,252.0,19.3811394891945,10.87238600488255,-1.483205612465828e-17,334927.3
Specialty Center,South,88256.23781676413,655.5032066276804,526.5401072124756,128.96309941520468,19.742690058479532,287.5877192982456,19.742690058479532,11.01112258375822,2.9865648615647484e-17,337169.2114912281
Specialty Center,West,87372.4355179704,634.222558139535,509.9751374207188,124.24742071881606,19.73784355179704,35.413319238900634,19.73784355179704,10.800934404709407,6.736448373518392e-17,301565.5154122622
Urgent Care,North,88612.32549019608,656.8474705882353,527.8586666666666,128.9888039215686,20.16078431372549,160.0,20.16078431372549,11.04401051893677,4.2667394671868764e-17,334992.21
Urgent Care,South,87682.6824742268,630.7145463917526,503.65869072164946,127.05585567010309,19.88144329896907,366.17938144329895,19.88144329896907,11.132730079668372,-2.941518735347064e-17,305746.6189690721
Urgent Care,West,88254.65928777671,622.8991722810395,495.9991241578441,126.90004812319538,20.476419634263713,398.2261790182868,20.476419634263713,10.99258553668494,4.0604884442498506e-17,325140.96760346484
